genes_gene_model,genes_gene_name,genes_unique_gene_id,stage
KH2012:KH.C11.238,REL; RELA; RELB,Cirobu.g00002055,stage_1
KH2012:KH.S1159.1,ERG; ETS1; FLI1,Cirobu.g00013672,stage_1
KH2012:KH.C3.402,IRF4; IRF5; IRF8,Cirobu.g00005580,stage_1
KH2012:KH.C3.773,TBX21; TBX4; TBX5,Cirobu.g00005978,stage_1
KH2012:KH.C8.359,DHH; IHH; SHH,Cirobu.g00008984,stage_1
KH2012:KH.C1.727,ZIC2; ZIC3; ZIC5,Cirobu.g00000994,stage_1
KH2012:KH.S389.1,NCL; RBM3; SART3,Cirobu.g00014384,stage_1
KH2012:KH.L95.17,PRDM14; PRDM4; PRDM9,Cirobu.g00013323,stage_1
KH2012:KH.C4.664,MBNL2; MBNL3; ZC3H10,Cirobu.g00006775,stage_1
KH2012:KH.C8.288,SF3A2,Cirobu.g00008909,stage_1
KH2012:KH.C10.414,TMEM179; TMEM179B,Cirobu.g00001634,stage_1
KH2012:KH.C14.178,HMGB1; HMGB2; HMGB3,Cirobu.g00003591,stage_1
KH2012:KH.C9.38,FUBP1; FUBP3; KHSRP,Cirobu.g00009919,stage_1
KH2012:KH.S1764.1,ZMAT3; ZMAT4; ZNF346,Cirobu.g00014064,stage_1
KH2012:KH.C12.156,BMP1; TLL1; TLL2,Cirobu.g00002684,stage_1
KH2012:KH.L9.25,ESCO1; ESCO2,Cirobu.g00013252,stage_1
KH2012:KH.C2.176,CNTRL; DRC3; LRMDA,Cirobu.g00004350,stage_1
KH2012:KH.C5.143,DUSP6; DUSP7; DUSP9,Cirobu.g00007004,stage_1
KH2012:KH.C3.152,HMGB1; HMGB3; SSRP1,Cirobu.g00005309,stage_1
KH2012:KH.C8.770,ZNF845; ZNF91; ZNF99,Cirobu.g00009437,stage_1
KH2012:KH.C10.248,FDPS; GGPS1,Cirobu.g00001454,stage_1
KH2012:KH.C10.287,BCL9,Cirobu.g00001497,stage_1
KH2012:KH.C10.330,PPP2R5A; PPP2R5B; PPP2R5E,Cirobu.g00001543,stage_1
KH2012:KH.C10.517,NUFIP1,Cirobu.g00001743,stage_1
KH2012:KH.C10.579,ATP5F1A; ATP6V1B1; ATP6V1B2,Cirobu.g00001810,stage_1
KH2012:KH.C10.78,KDELR1; KDELR2; KDELR3,Cirobu.g00001880,stage_1
KH2012:KH.C10.90,HEBP1; HEBP2,Cirobu.g00001894,stage_1
KH2012:KH.C1.1043,MTF1; ZNF143; ZNF76,Cirobu.g00000051,stage_1
KH2012:KH.C1.105,CCDC51,Cirobu.g00000058,stage_1
KH2012:KH.C11.13,VTA1,Cirobu.g00001937,stage_1
KH2012:KH.C11.169,AK7; DPY30; NME5,Cirobu.g00001980,stage_1
KH2012:KH.C11.203,DLG2; SYNJ2BP; SYNJ2BP-COX16,Cirobu.g00002018,stage_1
KH2012:KH.C1.1224,P3H1; P3H2; P3H3,Cirobu.g00000249,stage_1
KH2012:KH.C1.1258,B3GALT1; B3GALT2; B3GALT5,Cirobu.g00000286,stage_1
KH2012:KH.C1.1290,SHMT1; SHMT2,Cirobu.g00000322,stage_1
KH2012:KH.C1.1292,RANBP17; XPO4; XPO7,Cirobu.g00000324,stage_1
KH2012:KH.C11.318,ADAMTS1; ADAMTS15; ADAMTS9,Cirobu.g00002141,stage_1
KH2012:KH.C11.533,CIRBP; RBM3; RBM38,Cirobu.g00002373,stage_1
KH2012:KH.C11.685,DPCD,Cirobu.g00002538,stage_1
KH2012:KH.C11.95,KH.C11.95,Cirobu.g00002617,stage_1
KH2012:KH.C1.218,ILKAP; PPM1A; PPM1E,Cirobu.g00000435,stage_1
KH2012:KH.C12.229,MAT1A; MAT2A,Cirobu.g00002764,stage_1
KH2012:KH.C12.370,FOXJ1; FOXK1; FOXK2,Cirobu.g00002920,stage_1
KH2012:KH.C12.374,CLPX; PSMC3; PSMC5,Cirobu.g00002924,stage_1
KH2012:KH.C12.451,CASP2; CASP3; CASP7,Cirobu.g00003007,stage_1
KH2012:KH.C12.455,UBE2D1; UBE2D2; UBE2D4,Cirobu.g00003011,stage_1
KH2012:KH.C12.508,FOXF2; FOXI1; FOXL2,Cirobu.g00003069,stage_1
KH2012:KH.C1.26,ATF1; CREB1; CREM,Cirobu.g00000481,stage_1
KH2012:KH.C12.65,KIAA1324; KIAA1324L,Cirobu.g00003225,stage_1
KH2012:KH.C12.676,PURA; PURB; PURG,Cirobu.g00003254,stage_1
KH2012:KH.C1.27,CERS4; CERS5; CERS6,Cirobu.g00000492,stage_1
KH2012:KH.C1.280,SLC25A20; SLC25A29; SLC25A45,Cirobu.g00000504,stage_1
KH2012:KH.C13.179,RRP7A,Cirobu.g00003397,stage_1
KH2012:KH.C13.195,UCK1; UCK2; UCKL1,Cirobu.g00003415,stage_1
KH2012:KH.C13.55,NOL8,Cirobu.g00003457,stage_1
KH2012:KH.C1.382,CAB39; CAB39L,Cirobu.g00000617,stage_1
KH2012:KH.C14.133,PTP4A1; PTP4A3,Cirobu.g00003543,stage_1
KH2012:KH.C14.156,LRRC4B; LRRN1; LRRN2,Cirobu.g00003568,stage_1
KH2012:KH.C14.177,RARS; RARS2; ZFP42,Cirobu.g00003590,stage_1
KH2012:KH.C14.191,AK2; AK3; AK4,Cirobu.g00003606,stage_1
KH2012:KH.C14.231,MRPS11; RPS14,Cirobu.g00003650,stage_1
KH2012:KH.C14.278,AEBP2; GLI1; GLI2,Cirobu.g00003700,stage_1
KH2012:KH.C14.312,LDB3; PDLIM1; PDLIM3,Cirobu.g00003739,stage_1
KH2012:KH.C1.432,CHKA; CHKB; ETNK1,Cirobu.g00000673,stage_1
KH2012:KH.C14.366,LFNG; MFNG; RFNG,Cirobu.g00003796,stage_1
KH2012:KH.C14.4,ADRB2; P2RY12; RGR,Cirobu.g00003830,stage_1
KH2012:KH.C14.415,AP2B1; AP3D1; COPB1,Cirobu.g00003847,stage_1
KH2012:KH.C14.423,PHF5A,Cirobu.g00003856,stage_1
KH2012:KH.C14.52,EEF1A1; EEF1A2; HBS1L,Cirobu.g00003963,stage_1
KH2012:KH.C14.520,FOXE3; FOXI2; FOXI3,Cirobu.g00003964,stage_1
KH2012:KH.C14.604,HAND1; HAND2; TCF15,Cirobu.g00004053,stage_1
KH2012:KH.C1.546,FBXL2; FBXL20; FBXL7,Cirobu.g00000795,stage_1
KH2012:KH.C1.663,PRELID2; PRELID3A; PRELID3B,Cirobu.g00000923,stage_1
KH2012:KH.C1.670,ATP5F1C,Cirobu.g00000931,stage_1
KH2012:KH.C1.743,PEX16,Cirobu.g00001012,stage_1
KH2012:KH.C1.753,DHX36; DHX37; DHX40,Cirobu.g00001023,stage_1
KH2012:KH.C1.755,KH.C1.755,Cirobu.g00001025,stage_1
KH2012:KH.C1.82,COX5B,Cirobu.g00001096,stage_1
KH2012:KH.C1.824,ALDH18A1; ALDH3A2,Cirobu.g00001101,stage_1
KH2012:KH.C1.994,RBMXL3; SNRNP35; SNRNP70,Cirobu.g00001288,stage_1
KH2012:KH.C2.257,RPS26,Cirobu.g00004437,stage_1
KH2012:KH.C2.560,ASCL3; ASCL5; NEUROD1,Cirobu.g00004771,stage_1
KH2012:KH.C2.573,SMAD1; SMAD5; SMAD9,Cirobu.g00004785,stage_1
KH2012:KH.C2.584,WNT3A; WNT4; WNT7B,Cirobu.g00004797,stage_1
KH2012:KH.C2.596,PCTP; STARD10; STARD7,Cirobu.g00004810,stage_1
KH2012:KH.C2.60,DHRS7; DHRS7B; KDSR,Cirobu.g00004815,stage_1
KH2012:KH.C2.618,GSPT1; GSPT2; HBS1L,Cirobu.g00004835,stage_1
KH2012:KH.C2.63,KH.C2.63,Cirobu.g00004848,stage_1
KH2012:KH.C2.693,RPS3A,Cirobu.g00004915,stage_1
KH2012:KH.C2.70,ILKAP; PPM1D; PPM1L,Cirobu.g00004923,stage_1
KH2012:KH.C2.719,USP22; USP27X; USP51,Cirobu.g00004943,stage_1
KH2012:KH.C2.749,HACE1; HUWE1; UBR5,Cirobu.g00004976,stage_1
KH2012:KH.C2.808,EARS2; EPRS; QARS,Cirobu.g00005040,stage_1
KH2012:KH.C2.87,ELMOD1; ELMOD2; ELMOD3,Cirobu.g00005108,stage_1
KH2012:KH.C3.133,NFAT5; NFATC2; NFATC3,Cirobu.g00005288,stage_1
KH2012:KH.C3.142,DBX1; DBX2; HLX,Cirobu.g00005298,stage_1
KH2012:KH.C3.165,ZNF341; ZNF835; ZNF91,Cirobu.g00005323,stage_1
KH2012:KH.C3.173,CFAP52; EML6; WDR90,Cirobu.g00005331,stage_1
KH2012:KH.C3.199,PSMC2; PSMC5; PSMC6,Cirobu.g00005359,stage_1
KH2012:KH.C3.27,TFCP2; TFCP2L1; UBP1,Cirobu.g00005436,stage_1
KH2012:KH.C3.279,PGAP1,Cirobu.g00005446,stage_1
KH2012:KH.C3.284,FBXL14; FBXL17; FBXL7,Cirobu.g00005452,stage_1
KH2012:KH.C3.327,CTDP1; CTDSPL2,Cirobu.g00005499,stage_1
KH2012:KH.C3.385,JMJD4; JMJD6; JMJD8,Cirobu.g00005561,stage_1
KH2012:KH.C3.533,UBE2B; UBE2N; UBE2S,Cirobu.g00005720,stage_1
KH2012:KH.C3.586,CAMK1D; PSKH1; PSKH2,Cirobu.g00005777,stage_1
KH2012:KH.C3.587,COPS2; COPS4; PSMD11,Cirobu.g00005778,stage_1
KH2012:KH.C3.676,KH.C3.676,Cirobu.g00005874,stage_1
KH2012:KH.C3.773,TBX21; TBX4; TBX5,Cirobu.g00005978,stage_1
KH2012:KH.C3.832,AIP; AIPL1; FKBP5,Cirobu.g00006041,stage_1
KH2012:KH.C3.89,PATL1; PATL2,Cirobu.g00006103,stage_1
KH2012:KH.C3.897,DLL1; FAT1,Cirobu.g00006110,stage_1
KH2012:KH.C3.99,SPIRE1; SPIRE2,Cirobu.g00006162,stage_1
KH2012:KH.C4.183,ASIC2; ASIC3; ASIC5,Cirobu.g00006253,stage_1
KH2012:KH.C4.24,AP4M1; ARCN1,Cirobu.g00006315,stage_1
KH2012:KH.C4.362,GATD1,Cirobu.g00006447,stage_1
KH2012:KH.C4.45,ITCH; SMURF1; SMURF2,Cirobu.g00006542,stage_1
KH2012:KH.C4.472,MSMB; MSMP,Cirobu.g00006567,stage_1
KH2012:KH.C4.566,FPGT; FPGT-TNNI3K; FUK,Cirobu.g00006667,stage_1
KH2012:KH.C4.619,NAP1L1; NAP1L4,Cirobu.g00006725,stage_1
KH2012:KH.C4.698,RILP; RILPL1; RILPL2,Cirobu.g00006812,stage_1
KH2012:KH.C4.724,KPNA2; KPNA3; KPNA4,Cirobu.g00006842,stage_1
KH2012:KH.C4.754,DRGX; PAX3; PAX7,Cirobu.g00006874,stage_1
KH2012:KH.C4.798,DNAJB2; DNAJC11; DNAJC5,Cirobu.g00006921,stage_1
KH2012:KH.C4.81,TWISTNB,Cirobu.g00006935,stage_1
KH2012:KH.C5.184,RPS2,Cirobu.g00007048,stage_1
KH2012:KH.C5.277,NVL; SPATA5; VCP,Cirobu.g00007149,stage_1
KH2012:KH.C5.278,VEZT,Cirobu.g00007150,stage_1
KH2012:KH.C5.298,NPM1; NPM3,Cirobu.g00007171,stage_1
KH2012:KH.C5.386,ISG20L2; REXO1; REXO5,Cirobu.g00007264,stage_1
KH2012:KH.C5.535,TJP1; TJP2,Cirobu.g00007430,stage_1
KH2012:KH.C6.101,AC008695.1; RAPGEF2; RAPGEF6,Cirobu.g00007616,stage_1
KH2012:KH.C6.200,EIF5A; EIF5A2; EIF5AL1,Cirobu.g00007724,stage_1
KH2012:KH.C6.263,GLUL,Cirobu.g00007792,stage_1
KH2012:KH.C12.156,BMP1; TLL1; TLL2,Cirobu.g00002684,stage_1
KH2012:KH.C1.412,CSNK2B,Cirobu.g00000651,stage_1
KH2012:KH.L13.24,FOXN1; FOXN2; FOXN3,Cirobu.g00010993,stage_1
KH2012:KH.S437.6,KH.S437.6,Cirobu.g00014531,stage_1
KH2012:KH.C7.226,CAPZA1; CAPZA2; CAPZA3,Cirobu.g00008054,stage_1
KH2012:KH.C2.277,AL109811.4; HNRNPAB; TARDBP,Cirobu.g00004459,stage_1
KH2012:KH.S980.1,BPTF; PHF2; PHF8,Cirobu.g00015261,stage_1
KH2012:KH.C10.135,EIF2S2; EIF5,Cirobu.g00001333,stage_1
KH2012:KH.L18.20,ARAF; BRAF; RAF1,Cirobu.g00011956,stage_1
KH2012:KH.L17.15,NR2F1; NR2F2; NR2F6,Cirobu.g00011734,stage_1
KH2012:KH.C1.159,HES1; HES2; HES4,Cirobu.g00000369,stage_1
KH2012:KH.C8.711,SREK1IP1,Cirobu.g00009372,stage_1
KH2012:KH.C6.129,NEUROG1; NEUROG2; NEUROG3,Cirobu.g00007646,stage_1
KH2012:KH.C7.309,LPP; TRIP6; ZYX,Cirobu.g00008144,stage_1
KH2012:KH.C2.1038,DEAF1; SP140L,Cirobu.g00004155,stage_1
KH2012:KH.C2.471,DDX17; DDX42; DDX5,Cirobu.g00004672,stage_1
KH2012:KH.C7.325,MAPRE1; MAPRE2; MAPRE3,Cirobu.g00008161,stage_1
KH2012:KH.C7.127,PBRM1; SMARCA2; SMARCA4,Cirobu.g00007947,stage_1
KH2012:KH.S899.4,BTF3; BTF3L4,Cirobu.g00015160,stage_1
KH2012:KH.C1.196,ETV1; ETV4; ETV5,Cirobu.g00000410,stage_1
KH2012:KH.C9.892,RXRA; RXRB; RXRG,Cirobu.g00010482,stage_1
KH2012:KH.C1.598,ACVR2A; ACVR2B; BMPR2,Cirobu.g00000850,stage_1
KH2012:KH.C2.547,ZFAND1; ZFAND2A; ZFAND2B,Cirobu.g00004756,stage_1
KH2012:KH.L155.15,SMARCA1; SMARCA4; SMARCA5,Cirobu.g00011613,stage_1
KH2012:KH.C7.470,CCNA1; CCNB1; CCNO,Cirobu.g00008320,stage_1
KH2012:KH.C7.55,MRPL4,Cirobu.g00008407,stage_1
KH2012:KH.C10.598,ZBTB14; ZNF556; ZSCAN31,Cirobu.g00001831,stage_1
KH2012:KH.L135.2,DDX3X; DDX3Y; DDX4,Cirobu.g00011105,stage_1
KH2012:KH.L20.1,GATA4; GATA5; GATA6,Cirobu.g00012060,stage_1
KH2012:KH.L112.1,SNRPC; WBP4; ZMAT5,Cirobu.g00010683,stage_1
KH2012:KH.L50.1,KH.L50.1,Cirobu.g00012725,stage_1
KH2012:KH.C3.137,AC023509.3; ATF4; ATF5,Cirobu.g00005292,stage_1
KH2012:KH.C7.628,TBX1; TBX10; TBX20,Cirobu.g00008493,stage_1
KH2012:KH.L141.39,ACVR2A; ACVR2B; TGFBR2,Cirobu.g00011193,stage_1
KH2012:KH.S1363.2,KH.S1363.2,Cirobu.g00013823,stage_1
KH2012:KH.C3.330,TOX2; TOX3; TOX4,Cirobu.g00005503,stage_1
KH2012:KH.L116.52,TBC1D10A; TBC1D10B; TBC1D10C,Cirobu.g00010783,stage_1
KH2012:KH.L22.44,MAP2K4; MAP2K6; MAP2K7,Cirobu.g00012159,stage_1
KH2012:KH.L153.28,SLC4A1AP,Cirobu.g00011476,stage_1
KH2012:KH.C2.4,MS4A8,Cirobu.g00004593,stage_1
KH2012:KH.S391.13,AL136295.5; ARIH1; RNF31,Cirobu.g00014410,stage_1
KH2012:KH.C8.528,PRMT3; ZNF277,Cirobu.g00009171,stage_1
KH2012:KH.C3.279,PGAP1,Cirobu.g00005446,stage_1
KH2012:KH.L152.23,ZNF235; ZNF583; ZNF782,Cirobu.g00011400,stage_1
KH2012:KH.C9.64,NHP2; RPL7A; SNU13,Cirobu.g00010206,stage_1
KH2012:KH.C4.133,GAPVD1; RABGEF1; RIN3,Cirobu.g00006200,stage_1
KH2012:KH.C13.51,NR1D1; NR1D2; PPARD,Cirobu.g00003453,stage_1
KH2012:KH.C4.110,TIMM13; TIMM8A; TIMM8B,Cirobu.g00006176,stage_1
KH2012:KH.C7.675,GNL2; GNL3L; LSG1,Cirobu.g00008544,stage_1
KH2012:KH.L164.6,MDM2; MDM4; NEURL1,Cirobu.g00011693,stage_1
KH2012:KH.C5.213,ARNT; ARNT2; ARNTL,Cirobu.g00007081,stage_1
KH2012:KH.C12.93,AHR; AHRR; SIM2,Cirobu.g00003303,stage_1
KH2012:KH.C11.657,DBX1; DBX2; HLX,Cirobu.g00002508,stage_1
KH2012:KH.S1272.2,KMT2A; KMT2C; KMT2D,Cirobu.g00013766,stage_1
KH2012:KH.C1.264,YBX1; YBX2; YBX3,Cirobu.g00000486,stage_1
KH2012:KH.C3.557,MID1; TRIM36; TRIM46,Cirobu.g00005746,stage_1
KH2012:KH.C3.461,KH.C3.461,Cirobu.g00005644,stage_1
KH2012:KH.C10.245,MLLT10; MLLT6,Cirobu.g00001451,stage_1
KH2012:KH.C2.781,NFX1; NFXL1,Cirobu.g00005010,stage_1
KH2012:KH.C3.192,EIF2S2; EIF5,Cirobu.g00005352,stage_1
KH2012:KH.L53.4,DNAJB11; DNAJC17; DNAJC5,Cirobu.g00012776,stage_1
KH2012:KH.L4.59,KH.L4.59,Cirobu.g00012526,stage_1
KH2012:KH.S115.34,PLGRKT,Cirobu.g00013656,stage_1
KH2012:KH.L141.54,KH.L141.54,Cirobu.g00011209,stage_1
KH2012:KH.C3.569,ZNF3; ZNF34; ZNF407,Cirobu.g00005758,stage_1
KH2012:KH.C7.782,POU2F3; POU4F1; POU6F1,Cirobu.g00008662,stage_1
KH2012:KH.C1.755,KH.C1.755,Cirobu.g00001025,stage_1
KH2012:KH.C10.517,NUFIP1,Cirobu.g00001743,stage_1
KH2012:KH.C8.109,RPL18A,Cirobu.g00008712,stage_1
KH2012:KH.L84.2,ACAP2; ACAP3; ASAP2,Cirobu.g00013145,stage_1
KH2012:KH.C6.22,SMAD2; SMAD3; SMAD5,Cirobu.g00007745,stage_1
KH2012:KH.C2.812,ARHGAP22; PLEKHB1; PLEKHB2,Cirobu.g00005045,stage_1
KH2012:KH.L153.117,ZNF25; ZNF345; ZNF570,Cirobu.g00011458,stage_1
KH2012:KH.C9.882,KH.C9.882,Cirobu.g00010471,stage_1
KH2012:KH.C5.551,EEA1; RBSN; RUFY1,Cirobu.g00007448,stage_1
KH2012:KH.L53.12,ZNF502; ZNF551,Cirobu.g00012763,stage_1
KH2012:KH.C5.525,MECOM; PRDM16; ZNF778,Cirobu.g00007419,stage_1
KH2012:KH.S1466.1,ZNF705A; ZNF705B; ZNF705G,Cirobu.g00013890,stage_1
KH2012:KH.C8.158,FO538757.1; WASHC1,Cirobu.g00008766,stage_1
KH2012:KH.C1.94,ANK3; MIB1; MIB2,Cirobu.g00001228,stage_1
KH2012:KH.C1.1083,EPHA4; EPHA7; EPHB2,Cirobu.g00000095,stage_1
KH2012:KH.C14.395,BPI; BPIFC; LBP,Cirobu.g00003825,stage_1
KH2012:KH.L132.17,HOXA10; HOXC10; HOXD10,Cirobu.g00011050,stage_1
KH2012:KH.S390.3,KCTD1; KCTD15; KCTD21,Cirobu.g00014399,stage_1
KH2012:KH.L18.14,CNBP; ZCCHC13; ZCCHC9,Cirobu.g00011947,stage_1
KH2012:KH.C14.448,SREBF1; TFAP4; TWIST1,Cirobu.g00003883,stage_1
KH2012:KH.L65.6,AC006486.1; GSK3A; GSK3B,Cirobu.g00012943,stage_1
KH2012:KH.C12.589,POLA1; POLD1; REV3L,Cirobu.g00003158,stage_1
KH2012:KH.C14.383,KLF5; KLF6; KLF7,Cirobu.g00003813,stage_1
KH2012:KH.C10.113,ETS1; ETS2; ETV1,Cirobu.g00001309,stage_1
KH2012:KH.C3.716,EFNA1; EFNA4; EFNA5,Cirobu.g00005918,stage_1
KH2012:KH.C7.157,ID1; ID2; ID3,Cirobu.g00007979,stage_1
KH2012:KH.C5.181,PARN; TOE1,Cirobu.g00007045,stage_1
KH2012:KH.C8.74,KCMF1; RNF114; RNF138,Cirobu.g00009403,stage_1
KH2012:KH.C8.265,HDHD5,Cirobu.g00008885,stage_1
KH2012:KH.C8.273,RAB11FIP1; RAB11FIP2; RAB11FIP5,Cirobu.g00008894,stage_1
KH2012:KH.C8.284,PFKFB1; PFKFB3; PFKFB4,Cirobu.g00008905,stage_1
KH2012:KH.C2.376,TFAM; UBTF; UBTFL1,Cirobu.g00004567,stage_1
KH2012:KH.C10.49,BCL3; NFKB1; NFKB2,Cirobu.g00001713,stage_1
KH2012:KH.C3.310,NOP2; NSUN2; NSUN5,Cirobu.g00005481,stage_1
KH2012:KH.C13.135,MTF2; PHF1; PHF19,Cirobu.g00003350,stage_1
KH2012:KH.L22.40,ACVR1B; ACVR1C; TGFBR1,Cirobu.g00012156,stage_1
KH2012:KH.C13.22,SP7; SP8; SP9,Cirobu.g00003422,stage_1
KH2012:KH.C1.111,AGAP1; AGAP3; AGAP4,Cirobu.g00000125,stage_1
KH2012:KH.L122.11,MTA1; MTA2; MTA3,Cirobu.g00010890,stage_1
KH2012:KH.C2.573,SMAD1; SMAD5; SMAD9,Cirobu.g00004785,stage_1
KH2012:KH.L154.37,HAUS1,Cirobu.g00011577,stage_1
KH2012:KH.C8.359,DHH; IHH; SHH,Cirobu.g00008984,stage_1
KH2012:KH.C14.328,SEC24A; SEC24B; SEC24C,Cirobu.g00003755,stage_1
KH2012:KH.S215.22,SP2; SP3; SP4,Cirobu.g00014211,stage_1
KH2012:KH.C4.366,ERF; ETV3; ETV3L,Cirobu.g00006451,stage_1
KH2012:KH.C8.374,GRK4; GRK5; GRK6,Cirobu.g00009001,stage_1
KH2012:KH.C14.200,ATRX; RAD54L; RAD54L2,Cirobu.g00003616,stage_1
KH2012:KH.C2.749,HACE1; HUWE1; UBR5,Cirobu.g00004976,stage_1
KH2012:KH.C14.418,TBC1D20; TBCK,Cirobu.g00003850,stage_1
KH2012:KH.C8.38,PRKACA; PRKACB; PRKACG,Cirobu.g00009007,stage_1
KH2012:KH.L171.18,EGLN1; EGLN2; EGLN3,Cirobu.g00011846,stage_1
KH2012:KH.S852.2,MEX3B; MEX3C; MEX3D,Cirobu.g00015119,stage_1
KH2012:KH.S606.2,MAPK3; MAPK4; MAPK6,Cirobu.g00014797,stage_1
KH2012:KH.C7.568,EPHA4; EPHA7; EPHB2,Cirobu.g00008427,stage_1
KH2012:KH.L108.4,CREB3L1; CREB3L2; CREB3L3,Cirobu.g00010635,stage_1
KH2012:KH.C11.381,MEIS3; PKNOX1; PKNOX2,Cirobu.g00002210,stage_1
KH2012:KH.C6.117,SMAD1; SMAD4; SMAD9,Cirobu.g00007633,stage_1
KH2012:KH.C1.1271,TFAP2A; TFAP2D; TFAP2E,Cirobu.g00000301,stage_1
KH2012:KH.C7.413,MFSD13A; MFSD2A,Cirobu.g00008258,stage_1
KH2012:KH.S215.9,PBX1; PBX2,Cirobu.g00014220,stage_1
KH2012:KH.L154.4,ACTA2; ACTB; ACTG1,Cirobu.g00011580,stage_1
KH2012:KH.C8.796,EPHA4; EPHA7; EPHB2,Cirobu.g00009465,stage_1
KH2012:KH.C7.267,ARFGAP1; ARFGAP2; ARFGAP3,Cirobu.g00008097,stage_1
KH2012:KH.C5.373,KH.C5.373,Cirobu.g00007250,stage_1
KH2012:KH.C1.661,MXD1; MXD4; MXI1,Cirobu.g00000921,stage_1
KH2012:KH.C4.83,EPAS1; HIF1A; HIF3A,Cirobu.g00006939,stage_1
KH2012:KH.C12.676,PURA; PURB; PURG,Cirobu.g00003254,stage_1
KH2012:KH.C3.103,ARID3B; ARID4A; ARID4B,Cirobu.g00005255,stage_1
KH2012:KH.C7.523,SOX11; SOX12; SOX4,Cirobu.g00008378,stage_1
KH2012:KH.L18.9,PRDM9; ZNF768; ZSCAN22,Cirobu.g00012032,stage_1
KH2012:KH.L155.7,DLL1; DLL4,Cirobu.g00011628,stage_1
KH2012:KH.C4.531,TIMM10; TIMM13; TIMM9,Cirobu.g00006631,stage_1
KH2012:KH.S812.2,HGS; WDFY1; WDFY2,Cirobu.g00015089,stage_1
KH2012:KH.C11.186,JAG1; JAG2; NOTCH1,Cirobu.g00001998,stage_1
KH2012:KH.L153.110,ZNF226; ZNF235; ZNF583,Cirobu.g00011452,stage_1
KH2012:KH.S403.2,ZFAND3; ZFAND5; ZFAND6,Cirobu.g00014427,stage_1
KH2012:KH.C3.651,IRF4; IRF7,Cirobu.g00005848,stage_1
KH2012:KH.C1.685,DUXA; PAX7; RAX2,Cirobu.g00000947,stage_1
KH2012:KH.C8.554,BRIX1; IMP4; RPF2,Cirobu.g00009200,stage_1
KH2012:KH.C9.72,CDH11; CDH12; CDH4,Cirobu.g00010294,stage_1
KH2012:KH.C8.571,TRPC3; TRPC4; TRPC5,Cirobu.g00009218,stage_1
KH2012:KH.C9.376,ARMC3; ARMC4; JUP,Cirobu.g00009915,stage_1
KH2012:KH.C9.474,RREB1; ZNF366; ZNF70,Cirobu.g00010023,stage_1
KH2012:KH.L37.66,ZHX1; ZHX2; ZHX3,Cirobu.g00012432,stage_1
KH2012:KH.L20.34,MNT; MXD1; MXD3,Cirobu.g00012087,stage_1
KH2012:KH.C1.1232,GTF3A; ZNF493; ZNF668,Cirobu.g00000258,stage_1
KH2012:KH.L83.2,KLF12; KLF3; KLF5,Cirobu.g00013128,stage_1
KH2012:KH.C10.212,RPL27A,Cirobu.g00001415,stage_1
KH2012:KH.C3.17,RORA; RORB; RORC,Cirobu.g00005327,stage_1
KH2012:KH.C8.617,RNF170; RNF2; TRIM40,Cirobu.g00009267,stage_1
KH2012:KH.C14.43,ACVRL1; BMPR1A; BMPR1B,Cirobu.g00003863,stage_1
KH2012:KH.L96.106,MAPK3; MAPK7; NLK,Cirobu.g00013343,stage_1
KH2012:KH.C14.575,DUSP16; DUSP8,Cirobu.g00004022,stage_1
KH2012:KH.C8.663,NDC1,Cirobu.g00009318,stage_1
KH2012:KH.C2.822,E2F2; E2F3,Cirobu.g00005056,stage_1
KH2012:KH.S364.8,TRPC4AP,Cirobu.g00014369,stage_1
KH2012:KH.C14.495,UGDH,Cirobu.g00003935,stage_1
KH2012:KH.L41.28,ZNF431; ZNF583; ZSCAN22,Cirobu.g00012579,stage_1
KH2012:KH.L4.17,SALL1; SALL3,Cirobu.g00012483,stage_1
KH2012:KH.C7.782,POU2F3; POU4F1; POU6F1,Cirobu.g00008662,stage_1
KH2012:KH.L149.26,AC005324.4; ZNF286B; ZSCAN5B,Cirobu.g00011347,stage_1
KH2012:KH.L153.67,ZNF362; ZNF384; ZNF76,Cirobu.g00011515,stage_1
KH2012:KH.C3.780,GULP1; NUMB; NUMBL,Cirobu.g00005985,stage_1
KH2012:KH.L153.118,ZNF345; ZNF665; ZNF83,Cirobu.g00011459,stage_1
KH2012:KH.C2.871,AL110118.4; UBR7,Cirobu.g00005110,stage_1
KH2012:KH.S1482.3,NFRKB,Cirobu.g00013906,stage_1
KH2012:KH.C11.535,DPF1; DPF2; DPF3,Cirobu.g00002375,stage_1
KH2012:KH.S999.2,MNAT1; TRIM60,Cirobu.g00015281,stage_1
KH2012:KH.C1.1025,NFX1; NFXL1; ZNFX1,Cirobu.g00000031,stage_1
KH2012:KH.C1.727,ZIC2; ZIC3; ZIC5,Cirobu.g00000994,stage_1
KH2012:KH.L41.26,DR1; NFYB; POLE3,Cirobu.g00012577,stage_1
KH2012:KH.C2.92,AGFG1; AGFG2; SMAP1,Cirobu.g00005163,stage_1
KH2012:KH.L24.23,MNT; MYC; MYCN,Cirobu.g00012221,stage_1
KH2012:KH.C2.659,CNBP; ZCCHC13; ZCCHC7,Cirobu.g00004879,stage_1
KH2012:KH.C2.579,SRSF12; SRSF3; SRSF7,Cirobu.g00004791,stage_1
KH2012:KH.C8.743,KH.C8.743,Cirobu.g00009407,stage_1
KH2012:KH.C7.702,ZBTB10; ZBTB37; ZBTB46,Cirobu.g00008575,stage_1
KH2012:KH.C8.774,FOXG1; FOXI1; FOXI2,Cirobu.g00009441,stage_1
KH2012:KH.L8.21,ESRRA; ESRRB; ESRRG,Cirobu.g00013110,stage_1
KH2012:KH.S615.3,FGF4; FGF5; FGF6,Cirobu.g00014816,stage_1
KH2012:KH.C5.651,NPC1; PTCH1; PTCH2,Cirobu.g00007559,stage_1
KH2012:KH.C13.16,ADGRB2; CFP; HMCN1,Cirobu.g00003377,stage_1
KH2012:KH.S544.3,DMRT1; DMRTA1; DMRTA2,Cirobu.g00014653,stage_1
KH2012:KH.C5.74,FOXG1; FOXI1; FOXL1,Cirobu.g00007585,stage_1
KH2012:KH.L170.69,ARHGAP15; SYDE1; SYDE2,Cirobu.g00011807,stage_1
KH2012:KH.C7.294,FOS; FOSB; FOSL1,Cirobu.g00008127,stage_1
KH2012:KH.C8.359,DHH; IHH; SHH,Cirobu.g00008984,stage_1
KH2012:KH.L172.2,MRAS; RAP1B; RRAS2,Cirobu.g00011870,stage_1
KH2012:KH.L60.12,TFDP1; TFDP2; TFDP3,Cirobu.g00012854,stage_1
KH2012:KH.C1.4,EFNB1; EFNB2; EFNB3,Cirobu.g00000636,stage_1
KH2012:KH.C1.770,RETREG1; RETREG2; RETREG3,Cirobu.g00001042,stage_1
KH2012:KH.L41.78,ZFP37; ZNF391; ZNF628,Cirobu.g00012630,stage_1
KH2012:KH.C11.238,REL; RELA; RELB,Cirobu.g00002055,stage_1
KH2012:KH.C2.183,MORF4L1; MORF4L2; MSL3,Cirobu.g00004357,stage_1
KH2012:KH.L96.52,MLX; MLXIP; MLXIPL,Cirobu.g00013397,stage_1
KH2012:KH.C4.435,AL359736.1; ARHGEF9; SPATA13,Cirobu.g00006526,stage_1
KH2012:KH.C8.23,MIDN,Cirobu.g00008846,stage_1
KH2012:KH.C9.161,KH.C9.161,Cirobu.g00009681,stage_1
KH2012:KH.C14.416,MAPK10; MAPK8; MAPK9,Cirobu.g00003848,stage_1
KH2012:KH.C14.346,PIAS1; ZMIZ1; ZMIZ2,Cirobu.g00003775,stage_1
KH2012:KH.C11.339,RPLP2,Cirobu.g00002163,stage_1
KH2012:KH.C4.547,BMP2; BMP4; GDF5,Cirobu.g00006647,stage_1
KH2012:KH.L172.1,MAP2K3; MAP2K4; MAP2K6,Cirobu.g00011859,stage_1
KH2012:KH.C1.725,NFE2; NFE2L1; NFE2L2,Cirobu.g00000992,stage_1
KH2012:KH.C8.103,KH.C8.103,Cirobu.g00008706,stage_1
KH2012:KH.C1.542,ZPR1,Cirobu.g00000791,stage_1
KH2012:KH.C3.41,KH.C3.41,Cirobu.g00005588,stage_1
KH2012:KH.C1.19,ANKMY2; ANKRD39; TANC2,Cirobu.g00000403,stage_1
KH2012:KH.L153.85,ZFP2; ZNF782; ZSCAN2,Cirobu.g00011532,stage_1
KH2012:KH.C9.561,IKZF1; IKZF2; IKZF4,Cirobu.g00010119,stage_1
KH2012:KH.C9.558,TIMM10B; TIMM9,Cirobu.g00010115,stage_1
KH2012:KH.C8.506,TIMM13; TIMM8A; TIMM8B,Cirobu.g00009147,stage_1
KH2012:KH.C1.755,KH.C1.755,Cirobu.g00001025,stage_1
KH2012:KH.C10.367,SIX1; SIX3; SIX6,Cirobu.g00001582,stage_1
KH2012:KH.S164.16,OTUD4; YOD1,Cirobu.g00013993,stage_1
KH2012:KH.C7.243,DLX1; DLX2; DLX5,Cirobu.g00008072,stage_1
KH2012:KH.C7.206,ANKZF1; ZNF622,Cirobu.g00008032,stage_1
KH2012:KH.C11.700,SIAH1; SIAH2; SIAH3,Cirobu.g00002555,stage_1
KH2012:KH.C11.481,IRF2; IRF4; IRF8,Cirobu.g00002316,stage_1
KH2012:KH.C12.370,FOXJ1; FOXK1; FOXK2,Cirobu.g00002920,stage_1
KH2012:KH.C3.732,CERS2; CERS4; CERS6,Cirobu.g00005936,stage_1
KH2012:KH.C12.334,WNT2; WNT2B; WNT4,Cirobu.g00002880,stage_1
KH2012:KH.S406.10,PPP2CA; PPP2CB; PPP3CB,Cirobu.g00014448,stage_1
KH2012:KH.S115.14,ZDHHC14; ZDHHC18; ZDHHC9,Cirobu.g00013634,stage_1
KH2012:KH.C4.60,MSS51; USP19; ZMYND10,Cirobu.g00006704,stage_1
KH2012:KH.C9.261,SPATA24,Cirobu.g00009791,stage_1
KH2012:KH.C11.357,CPSF4; CPSF4L; ZC3H3,Cirobu.g00002183,stage_1
KH2012:KH.S455.6,MEF2A; MEF2C; MEF2D,Cirobu.g00014543,stage_1
KH2012:KH.C9.504,ZCCHC4,Cirobu.g00010057,stage_1
KH2012:KH.C11.218,SPECC1; SPECC1L; SPECC1L-ADORA2A,Cirobu.g00002033,stage_1
KH2012:KH.S215.6,COA1,Cirobu.g00014217,stage_1
KH2012:KH.L41.3,PRDM10; PRDM15; PRDM4,Cirobu.g00012581,stage_1
KH2012:KH.C9.53,ARMC4; CTNNB1; JUP,Cirobu.g00010084,stage_1
KH2012:KH.C9.331,ACTA1; ACTR3; ACTR3B,Cirobu.g00009866,stage_1
KH2012:KH.C1.275,STAT5A; STAT5B; STAT6,Cirobu.g00000498,stage_1
KH2012:KH.C14.199,ZC2HC1A; ZC2HC1B; ZC2HC1C,Cirobu.g00003613,stage_1
KH2012:KH.L153.50,ECD,Cirobu.g00011499,stage_1
KH2012:KH.L96.17,DOC2B; RPH3A,Cirobu.g00013358,stage_1
KH2012:KH.C1.387,ATMIN; ZNF20; ZNF236,Cirobu.g00000622,stage_1
KH2012:KH.C14.70,FGF20; FGF5; FGF7,Cirobu.g00004079,stage_1
KH2012:KH.C3.202,EFNA1; EFNA5; EFNB2,Cirobu.g00005364,stage_1
KH2012:KH.C11.382,RIPK1; RIPK3; RIPK4,Cirobu.g00002211,stage_1
KH2012:KH.C5.59,ZNF598,Cirobu.g00007490,stage_1
KH2012:KH.C5.634,TMEM205,Cirobu.g00007540,stage_1
KH2012:KH.C1.542,ZPR1,Cirobu.g00000791,stage_1
KH2012:KH.L18.39,HECTD1; MIB1; MIB2,Cirobu.g00011976,stage_1
KH2012:KH.C14.200,ATRX; RAD54L; RAD54L2,Cirobu.g00003616,stage_1
KH2012:KH.C8.457,AC008575.1; APC; APC2,Cirobu.g00009093,stage_1
KH2012:KH.C6.7,BACH1; BACH2; ZBTB7A,Cirobu.g00007884,stage_1
KH2012:KH.C1.573,TP53; TP63; TP73,Cirobu.g00000824,stage_1
KH2012:KH.C1.397,NAB1; NAB2,Cirobu.g00000633,stage_1
KH2012:KH.C3.604,CERS2; CERS4; CERS5,Cirobu.g00005798,stage_1
KH2012:KH.C4.85,POU2F1; POU2F2; POU2F3,Cirobu.g00006941,stage_1
KH2012:KH.C1.425,ARIH2; RNF144A; RNF144B,Cirobu.g00000665,stage_1
KH2012:KH.C2.268,EGR2; EGR3; ZNF333,Cirobu.g00004449,stage_1
KH2012:KH.C7.99,HOXB13; HOXC12; HOXD12,Cirobu.g00008700,stage_1
KH2012:KH.C12.61,MAP3K10; MAP3K11; MAP3K9,Cirobu.g00003181,stage_1
KH2012:KH.C5.69,MAPK1; MAPK3; MAPK7,Cirobu.g00007579,stage_1
KH2012:KH.C4.430,PROX1; PROX2,Cirobu.g00006521,stage_1
KH2012:KH.C9.485,LHX5; LMX1A; LMX1B,Cirobu.g00010035,stage_1
KH2012:KH.C1.977,GZF1; ZNF782; ZSCAN31,Cirobu.g00001269,stage_1
KH2012:KH.S854.5,CERS2; CERS4; CERS6,Cirobu.g00015130,stage_1
KH2012:KH.C9.5,NDUFA8,Cirobu.g00010051,stage_1
KH2012:KH.C4.739,BBX; CIC; SOX14,Cirobu.g00006858,stage_1
KH2012:KH.C7.42,CYHR1; SIAH1; SIAH2,Cirobu.g00008265,stage_1
KH2012:KH.L18.112,BPTF; CHD4; CHD5,Cirobu.g00011917,stage_1
KH2012:KH.C2.43,PSMD10; ZDHHC13; ZDHHC17,Cirobu.g00004627,stage_1
KH2012:KH.C8.677,PRDM10; ZNF112; ZNF543,Cirobu.g00009333,stage_1
KH2012:KH.C12.26,SMAD2; SMAD3; SMAD5,Cirobu.g00002798,stage_1
KH2012:KH.C8.806,NEURL1; NEURL1B; NEURL3,Cirobu.g00009477,stage_1
KH2012:KH.C13.110,KLF5; KLF6; KLF7,Cirobu.g00003323,stage_1
KH2012:KH.C7.724,RYBP; YAF2,Cirobu.g00008599,stage_1
KH2012:KH.C9.606,TUBB2A; TUBB2B; TUBB4B,Cirobu.g00010169,stage_1
KH2012:KH.C11.450,CEBPZ,Cirobu.g00002284,stage_1
KH2012:KH.C11.706,MLXIP; MLXIPL,Cirobu.g00002561,stage_1
KH2012:KH.L8.8,IGF1R; INSR; INSRR,Cirobu.g00013118,stage_1
KH2012:KH.C3.773,TBX21; TBX4; TBX5,Cirobu.g00005978,stage_1
KH2012:KH.C8.920,NR2C1; NR2C2; RXRA,Cirobu.g00009602,stage_1
KH2012:KH.L116.85,TUBB; TUBB2B; TUBB4B,Cirobu.g00010819,stage_1
KH2012:KH.C14.53,ARFGAP1; ARFGAP2; ARFGAP3,Cirobu.g00003973,stage_1
KH2012:KH.C3.83,SIX1; SIX2; SIX4,Cirobu.g00006038,stage_1
KH2012:KH.S489.2,ZFP2; ZNF570; ZNF583,Cirobu.g00014572,stage_1
KH2012:KH.C9.236,FZD1; FZD2; FZD7,Cirobu.g00009763,stage_1
KH2012:KH.C1.951,USP13; USP15; USP5,Cirobu.g00001241,stage_1
KH2012:KH.C10.334,SLC50A1,Cirobu.g00001546,stage_1
KH2012:KH.C8.104,OTUD7B; TNFAIP3; ZRANB1,Cirobu.g00008707,stage_1
KH2012:KH.C3.877,ZNF180; ZNF287; ZNF629,Cirobu.g00006089,stage_1
KH2012:KH.L53.1,PIAS1; PIAS2; PIAS3,Cirobu.g00012760,stage_1
KH2012:KH.C3.337,TSHZ1; TSHZ2; TSHZ3,Cirobu.g00005510,stage_1
KH2012:KH.C2.266,MSS51; TDRD1; ZMYND10,Cirobu.g00004447,stage_1
KH2012:KH.S1404.2,IRF4; IRF8; IRF9,Cirobu.g00013859,stage_1
KH2012:KH.C14.586,ZNF568; ZNF66,Cirobu.g00004034,stage_1
KH2012:KH.C1.669,CASZ1; ZXDA; ZXDB,Cirobu.g00000929,stage_1
KH2012:KH.C3.818,ZNF407; ZNF544; ZSCAN10,Cirobu.g00006026,stage_1
KH2012:KH.C5.61,ISY1; ISY1-RAB43,Cirobu.g00007513,stage_1
KH2012:KH.C13.183,SP9; ZNF503; ZNF703,Cirobu.g00003402,stage_1
KH2012:KH.C11.658,BMT2,Cirobu.g00002509,stage_1
KH2012:KH.C9.80,DCUN1D1; DCUN1D4; DCUN1D5,Cirobu.g00010383,stage_1
KH2012:KH.L165.2,EWSR1; HTATSF1; PUF60,Cirobu.g00011698,stage_1
KH2012:KH.S973.1,ZDHHC3; ZDHHC7,Cirobu.g00015260,stage_1
KH2012:KH.C3.348,TCF12; TCF3; TCF4,Cirobu.g00005521,stage_1
KH2012:KH.C5.511,MAP3K1; RNF128; ZSWIM2,Cirobu.g00007404,stage_1
KH2012:KH.L153.114,ZFP2; ZNF300; ZNF879,Cirobu.g00011455,stage_1
KH2012:KH.C10.463,CREB3; CREB3L3; CREB3L4,Cirobu.g00001686,stage_1
KH2012:KH.C2.855,CHUK; IKBKB; IKBKE,Cirobu.g00005092,stage_1
KH2012:KH.C4.810,KH.C4.810,Cirobu.g00006936,stage_1
KH2012:KH.S927.3,MKKS,Cirobu.g00015205,stage_1
KH2012:KH.L112.28,TIMM10B; TIMM9,Cirobu.g00010703,stage_1
KH2012:KH.L164.10,IKZF1; IKZF4; IKZF5,Cirobu.g00011678,stage_1
KH2012:KH.C3.266,SIRT4; SIRT6; SIRT7,Cirobu.g00005432,stage_1
KH2012:KH.L32.2,ZNF345; ZNF70; ZNF846,Cirobu.g00012313,stage_1
KH2012:KH.C9.866,POC1A; POC1B; WRAP73,Cirobu.g00010454,stage_1
KH2012:KH.C9.872,ATOH1; ATOH8; NEUROD4,Cirobu.g00010460,stage_1
KH2012:KH.S1293.2,BACH1; BACH2; ZBTB44,Cirobu.g00013777,stage_1
KH2012:KH.C4.341,FOXA2; FOXB1; FOXB2,Cirobu.g00006425,stage_1
KH2012:KH.C11.718,FOXA1; FOXA2; FOXA3,Cirobu.g00002574,stage_1
KH2012:KH.L22.45,EGFR; ERBB2; ERBB4,Cirobu.g00012160,stage_1
KH2012:KH.C7.334,GLI1; GLI2; GLI3,Cirobu.g00008171,stage_1
KH2012:KH.C1.10,LASP1; NEB; NRAP,Cirobu.g00000002,stage_1
KH2012:KH.C5.216,ARF1; ARF3; TRIM23,Cirobu.g00007084,stage_1
KH2012:KH.C4.206,BCL3; NFKBIA; NFKBIE,Cirobu.g00006279,stage_1
KH2012:KH.C11.351,ILF2; STRBP; ZFR2,Cirobu.g00002177,stage_1
KH2012:KH.L9.33,ENY2,Cirobu.g00013260,stage_1
KH2012:KH.C3.618,ADAP1; ADAP2; SMAP2,Cirobu.g00005812,stage_1
KH2012:KH.C2.349,ZDHHC15; ZDHHC2; ZDHHC20,Cirobu.g00004538,stage_1
KH2012:KH.C14.539,KH.C14.539,Cirobu.g00003983,stage_1
KH2012:KH.C1.927,DIRC2; FLVCR1; FLVCR2,Cirobu.g00001215,stage_1
KH2012:KH.C10.106,MITF; TFE3; TFEB,Cirobu.g00001302,stage_1
KH2012:KH.C9.613,ZDHHC12; ZDHHC14; ZDHHC17,Cirobu.g00010177,stage_1
KH2012:KH.S1454.1,EIF2A; EIF3B,Cirobu.g00013885,stage_1
KH2012:KH.L107.10,ITPK1,Cirobu.g00010591,stage_1
KH2012:KH.C3.389,RAB14; RAB2A; RAB2B,Cirobu.g00005565,stage_1
KH2012:KH.C3.59,ZFPL1,Cirobu.g00005781,stage_1
KH2012:KH.C10.43,COX6A1; COX6A2,Cirobu.g00001651,stage_1
KH2012:KH.C9.238,KH.C9.238,Cirobu.g00009765,stage_1
KH2012:KH.C1.516,HMG20A; HMG20B; HMGB3,Cirobu.g00000763,stage_1
KH2012:KH.L108.39,PSMC1; PSMC3; PSMC5,Cirobu.g00010634,stage_1
KH2012:KH.C3.165,ZNF341; ZNF835; ZNF91,Cirobu.g00005323,stage_1
KH2012:KH.C14.426,TEAD1; TEAD3; TEAD4,Cirobu.g00003859,stage_1
KH2012:KH.C9.48,CTGF; CYR61; WISP1,Cirobu.g00010029,stage_1
KH2012:KH.C2.486,NPC1; NPC1L1; PTCH1,Cirobu.g00004688,stage_1
KH2012:KH.C5.64,ZNF143; ZNF367; ZNF76,Cirobu.g00007546,stage_1
KH2012:KH.L141.37,DVL1; DVL2; DVL3,Cirobu.g00011191,stage_1
KH2012:KH.C12.116,PAX2; PAX5; PAX8,Cirobu.g00002641,stage_1
KH2012:KH.C5.130,ZNF235; ZNF45; ZNF568,Cirobu.g00006990,stage_1
KH2012:KH.C11.509,LFNG; MFNG; RFNG,Cirobu.g00002347,stage_1
KH2012:KH.C5.50,ZNF207,Cirobu.g00007391,stage_1
KH2012:KH.C9.616,LHX1; LMX1A; LMX1B,Cirobu.g00010180,stage_1
KH2012:KH.S1653.2,KH.S1653.2,Cirobu.g00014024,stage_1
KH2012:KH.L153.24,AC079594.2; TRIM55; TRIM63,Cirobu.g00011473,stage_1
KH2012:KH.C14.105,CNOT7; CNOT8,Cirobu.g00003512,stage_1
KH2012:KH.C11.383,BRSK1; BRSK2; SIK3,Cirobu.g00002212,stage_1
KH2012:KH.C1.97,AXIN1; AXIN2; DVL2,Cirobu.g00001261,stage_1
KH2012:KH.L5.9,FGD6; PLEKHF1; PLEKHF2,Cirobu.g00012724,stage_1
KH2012:KH.L119.1,CDA,Cirobu.g00010845,stage_1
KH2012:KH.C11.735,ZNF22; ZNF596; ZSCAN22,Cirobu.g00002592,stage_1
KH2012:KH.C2.161,NR1H3; NR1H4; THRB,Cirobu.g00004334,stage_1
KH2012:KH.C12.2,CCT3; PIKFYVE; ZFYVE28,Cirobu.g00002731,stage_1
KH2012:KH.C8.217,CHUK; IKBKE; TBK1,Cirobu.g00008832,stage_1
KH2012:KH.C2.36,FTH1; FTHL17; FTMT,Cirobu.g00004549,stage_1
KH2012:KH.C4.504,FOXJ2; FOXJ3; FOXM1,Cirobu.g00006601,stage_1
KH2012:KH.C9.580,RARA; RARB; RARG,Cirobu.g00010140,stage_1
KH2012:KH.L154.23,NPAS1; NPAS3; SIM2,Cirobu.g00011562,stage_1
KH2012:KH.L116.16,EARS2; EPRS; QARS,Cirobu.g00010745,stage_1
KH2012:KH.L116.27,C1QBP,Cirobu.g00010757,stage_1
KH2012:KH.C7.50,TSC22D1; TSC22D3; TSC22D4,Cirobu.g00008353,stage_1
KH2012:KH.L116.4,SPNS1; SPNS2; SPNS3,Cirobu.g00010770,stage_1
KH2012:KH.L172.29,DNAJB2; DNAJB8; DNAJC21,Cirobu.g00011880,stage_1
KH2012:KH.C3.177,IRF2; IRF4; IRF8,Cirobu.g00005335,stage_1
KH2012:KH.C2.254,EPB41L4A; EPB41L4B; EPB41L5,Cirobu.g00004434,stage_1
KH2012:KH.S553.1,ZNF441; ZNF536; ZNF624,Cirobu.g00014676,stage_1
KH2012:KH.C14.520,FOXE3; FOXI2; FOXI3,Cirobu.g00003964,stage_1
KH2012:KH.C11.246,FAM177A1; FAM177B,Cirobu.g00002064,stage_1
KH2012:KH.L119.3,ZNF146; ZNF772; ZSCAN22,Cirobu.g00010867,stage_1
KH2012:KH.C7.111,SUPT4H1,Cirobu.g00007930,stage_1
KH2012:KH.C13.138,ATF6B,Cirobu.g00003353,stage_1
KH2012:KH.L124.1,GPC1; GPC4; GPC6,Cirobu.g00010912,stage_1
KH2012:KH.C4.125,BMP2; BMP4; BMP7,Cirobu.g00006191,stage_1
KH2012:KH.C14.449,CREBBP; EP300; PHIP,Cirobu.g00003884,stage_1
KH2012:KH.C12.562,NOG,Cirobu.g00003129,stage_1
KH2012:KH.C1.693,ZFAND4; ZFAND5; ZFAND6,Cirobu.g00000956,stage_1
KH2012:KH.C1.488,ZNF143; ZNF554; ZNF76,Cirobu.g00000731,stage_1
KH2012:KH.C8.343,MAP2K3; MAP2K4; MAP2K6,Cirobu.g00008967,stage_1
KH2012:KH.L13.24,FOXN1; FOXN2; FOXN3,Cirobu.g00010993,stage_1
KH2012:KH.C8.626,CTCF; CTCFL; ZNF317,Cirobu.g00009277,stage_1
KH2012:KH.C8.143,PPARA; PPARD; PPARG,Cirobu.g00008750,stage_1
KH2012:KH.L134.13,SLC13A1; SLC13A3; SLC13A5,Cirobu.g00011077,stage_1
KH2012:KH.C12.491,BMP3; BMP4; GDF10,Cirobu.g00003050,stage_1
KH2012:KH.C9.176,NOTCH1; NOTCH2; NOTCH3,Cirobu.g00009697,stage_1
KH2012:KH.L134.4,CDY1; CDY1B; CDYL,Cirobu.g00011098,stage_1
KH2012:KH.L135.2,DDX3X; DDX3Y; DDX4,Cirobu.g00011105,stage_1
KH2012:KH.S742.2,FGFR1; FGFR2; FGFR3,Cirobu.g00014992,stage_1
KH2012:KH.C12.196,ZNF30; ZNF490; ZNF540,Cirobu.g00002727,stage_1
KH2012:KH.L139.12,ABL1; SYK; ZAP70,Cirobu.g00011125,stage_1
KH2012:KH.L34.7,ASH2L; RSPRY1; RYR3,Cirobu.g00012346,stage_1
KH2012:KH.C8.652,BARX1; BARX2; BSX,Cirobu.g00009306,stage_1
KH2012:KH.L147.22,MAP2K1; MAP2K2; MAP2K5,Cirobu.g00011301,stage_1
KH2012:KH.C3.195,SOCS6; SOCS7,Cirobu.g00005355,stage_1
KH2012:KH.L173.5,CTCF; CTCFL; ZNF501,Cirobu.g00011897,stage_1
KH2012:KH.C2.725,RBPJ; RBPJL,Cirobu.g00004950,stage_1
KH2012:KH.C1.27,CERS4; CERS5; CERS6,Cirobu.g00000492,stage_1
KH2012:KH.S555.6,SIRT1; SIRT4; SIRT5,Cirobu.g00014686,stage_1
KH2012:KH.S678.1,ACVR1; ACVRL1; BMPR1B,Cirobu.g00014908,stage_1
KH2012:KH.L147.3,FAH,Cirobu.g00011309,stage_1
KH2012:KH.C4.390,NFYA,Cirobu.g00006477,stage_1
KH2012:KH.C11.620,BAZ1B; UHRF1; UHRF2,Cirobu.g00002469,stage_1
KH2012:KH.S437.3,ZKSCAN8; ZNF570; ZNF79,Cirobu.g00014528,stage_1
KH2012:KH.C4.84,CRX; OTX1; OTX2,Cirobu.g00006940,stage_1
KH2012:KH.L4.36,HMGB1; HMGB3; HMGB4,Cirobu.g00012503,stage_1
KH2012:KH.L108.60,POLR2I; POLR3K; TCEA1,Cirobu.g00010658,stage_1
KH2012:KH.C2.719,USP22; USP27X; USP51,Cirobu.g00004943,stage_1
KH2012:KH.C11.84,MAP2K1; MAP2K2; MAP2K5,Cirobu.g00002606,stage_1
KH2012:KH.L152.45,WNT4; WNT5A; WNT5B,Cirobu.g00011423,stage_1
KH2012:KH.C14.306,IRF1; IRF2; IRF8,Cirobu.g00003732,stage_1
KH2012:KH.L153.28,SLC4A1AP,Cirobu.g00011476,stage_1
KH2012:KH.C5.173,BMP2; GDF5; GDF6,Cirobu.g00007036,stage_1
KH2012:KH.C12.323,AQP2; AQP4; AQP8,Cirobu.g00002868,stage_1
KH2012:KH.L153.46,SELENOV; SELENOW,Cirobu.g00011495,stage_1
KH2012:KH.C13.13,SURF4,Cirobu.g00003344,stage_1
KH2012:KH.L16.1,SUPT7L,Cirobu.g00011656,stage_1
KH2012:KH.C2.639,ZNF345; ZNF77; ZNF791,Cirobu.g00004858,stage_1
KH2012:KH.L153.116,ZFP2; ZNF235; ZNF436,Cirobu.g00011457,stage_1
KH2012:KH.C8.370,GTSF1; GTSF1L,Cirobu.g00008997,stage_1
KH2012:KH.L154.42,SOX10; SOX8; SOX9,Cirobu.g00011583,stage_1
KH2012:KH.C6.118,ANKIB1; ARIH1; ARIH2,Cirobu.g00007634,stage_1
KH2012:KH.C6.71,LEF1; TCF7; TCF7L2,Cirobu.g00007886,stage_1
KH2012:KH.C5.399,RFX1; RFX2; RFX3,Cirobu.g00007278,stage_1
KH2012:KH.C14.86,U2AF1; U2AF1L4; U2AF1L5,Cirobu.g00004096,stage_1
KH2012:KH.C7.207,FOXP1; FOXP2; FOXP4,Cirobu.g00008033,stage_1
KH2012:KH.C12.343,MAFF; MAFG; MAFK,Cirobu.g00002890,stage_1
KH2012:KH.C3.624,USF1; USF2; USF3,Cirobu.g00005819,stage_1
KH2012:KH.C12.169,MATR3; RBM20,Cirobu.g00002698,stage_1
KH2012:KH.C5.90,CBFB,Cirobu.g00007603,stage_1
KH2012:KH.L34.9,HES1; HES2; HES4,Cirobu.g00012348,stage_1
KH2012:KH.L155.8,C4orf17; TBATA,Cirobu.g00011629,stage_1
KH2012:KH.C8.583,DMRT2; DMRTA1; DMRTA2,Cirobu.g00009230,stage_1
KH2012:KH.L171.18,EGLN1; EGLN2; EGLN3,Cirobu.g00011846,stage_1
KH2012:KH.L17.4,PRDX1; PRDX2; PRDX4,Cirobu.g00011738,stage_1
KH2012:KH.C14.278,AEBP2; GLI1; GLI2,Cirobu.g00003700,stage_1
KH2012:KH.L44.19,FOXF1; FOXF2; FOXQ1,Cirobu.g00012659,stage_1
KH2012:KH.L131.14,KH.L131.14,Cirobu.g00011030,stage_1
KH2012:KH.C7.215,NFKB1; NFKB2; RELA,Cirobu.g00008042,stage_1
KH2012:KH.C3.230,SMAD3; SMAD6; SMAD7,Cirobu.g00005395,stage_1
KH2012:KH.L18.20,ARAF; BRAF; RAF1,Cirobu.g00011956,stage_1
KH2012:KH.C3.382,KIN,Cirobu.g00005558,stage_1
KH2012:KH.C6.25,WNT4; WNT7A; WNT7B,Cirobu.g00007778,stage_1
KH2012:KH.C2.602,FAXDC2; MSMO1; SC5D,Cirobu.g00004818,stage_1
KH2012:KH.L145.2,ANK2; ANK3; ANKFY1,Cirobu.g00011280,stage_1
KH2012:KH.C7.125,GPN1; GPN2; GPN3,Cirobu.g00007945,stage_1
KH2012:KH.C9.626,KH.C9.626,Cirobu.g00010191,stage_1
KH2012:KH.L22.44,MAP2K4; MAP2K6; MAP2K7,Cirobu.g00012159,stage_1
KH2012:KH.S534.1,ZBTB14; ZNF25; ZNF668,Cirobu.g00014641,stage_1
KH2012:KH.C8.169,AC092073.1; PDCD2; PDCD2L,Cirobu.g00008778,stage_1
KH2012:KH.L25.17,ABCA9; ABCE1; ABCF3,Cirobu.g00012253,stage_1
KH2012:KH.C7.781,FGD1; FGD2; FGD4,Cirobu.g00008661,stage_1
KH2012:KH.S406.15,MEF2C; MEF2D; SRF,Cirobu.g00014453,stage_1
KH2012:KH.C1.26,ATF1; CREB1; CREM,Cirobu.g00000481,stage_1
KH2012:KH.S765.1,CEBPA; CEBPB; CEBPE,Cirobu.g00015018,stage_1
KH2012:KH.C11.608,IRX3; IRX4; IRX6,Cirobu.g00002455,stage_1
KH2012:KH.C3.84,HNF4A; HNF4G; RXRA,Cirobu.g00006049,stage_1
KH2012:KH.C2.181,ANKIB1; ARIH1; ARIH2,Cirobu.g00004355,stage_1
KH2012:KH.S918.4,SIRT2; SIRT3,Cirobu.g00015191,stage_1
KH2012:KH.L40.13,ZMAT2,Cirobu.g00012538,stage_1
KH2012:KH.C11.507,ALX3; ARX; UNCX,Cirobu.g00002345,stage_1
KH2012:KH.C4.722,ALX1; GSC; GSC2,Cirobu.g00006840,stage_1
KH2012:KH.C11.131,ELMSAN1; TRERF1; ZNF541,Cirobu.g00001939,stage_1
KH2012:KH.C2.994,RNF130; RNF148; RNF149,Cirobu.g00005244,stage_1
KH2012:KH.L121.1,AC093525.1; AMDHD2,Cirobu.g00010885,stage_1
KH2012:KH.L96.50,TLE1; TLE3; TLE4,Cirobu.g00013395,stage_1
KH2012:KH.C1.983,KLF10; KLF11; SP4,Cirobu.g00001276,stage_1
KH2012:KH.C9.805,KH.C9.805,Cirobu.g00010389,stage_1
KH2012:KH.L4.55,CCT3; CCT4; CCT7,Cirobu.g00012523,stage_1
KH2012:KH.C5.54,ERCC8; KATNB1; WDR5,Cirobu.g00007435,stage_1
KH2012:KH.L50.15,PTPN14; PTPN21; PTPN4,Cirobu.g00012730,stage_1
KH2012:KH.C6.228,SPI1; SPIB; SPIC,Cirobu.g00007754,stage_1
KH2012:KH.L53.16,TMED10; TMED4; TMED9,Cirobu.g00012767,stage_1
KH2012:KH.L57.32,MCU; MCUB,Cirobu.g00012821,stage_1
KH2012:KH.L61.14,HSP90AA1; HSP90AB1; HSP90B1,Cirobu.g00012872,stage_1
KH2012:KH.L84.30,TLX1; TLX2; TLX3,Cirobu.g00013157,stage_1
KH2012:KH.C5.81,MATR3; RBM20,Cirobu.g00007593,stage_1
KH2012:KH.L81.2,RALGDS; RGL1; RGL3,Cirobu.g00013124,stage_1
KH2012:KH.L8.2,NOP56; NOP58; PRPF31,Cirobu.g00013108,stage_1
KH2012:KH.L84.2,ACAP2; ACAP3; ASAP2,Cirobu.g00013145,stage_1
KH2012:KH.L87.32,CACNA1C; HVCN1; TMEM266,Cirobu.g00013195,stage_1
KH2012:KH.L9.2,AC018523.2; PSMA1; PSMA5,Cirobu.g00013246,stage_1
KH2012:KH.L96.101,CLIP1; CLIP2; CLIP3,Cirobu.g00013338,stage_1
KH2012:KH.L97.2,ALX4; ISX; RAX2,Cirobu.g00013453,stage_1
KH2012:KH.S1300.1,CCT3; CCT7; TCP1,Cirobu.g00013780,stage_1
KH2012:KH.S389.1,NCL; RBM3; SART3,Cirobu.g00014384,stage_1
KH2012:KH.S423.2,FIBCD1; TNR; TNXB,Cirobu.g00014476,stage_1
KH2012:KH.S483.2,CDC6; ORC1; ORC4,Cirobu.g00014564,stage_1
KH2012:KH.S494.5,ALKBH1,Cirobu.g00014582,stage_1
KH2012:KH.S605.5,MRC1; MRC2; PLA2R1,Cirobu.g00014794,stage_1
KH2012:KH.S621.5,SDAD1,Cirobu.g00014839,stage_1
KH2012:KH.S663.1,ERH,Cirobu.g00014888,stage_1
KH2012:KH.S691.4,ATL1; ATL2; ATL3,Cirobu.g00014935,stage_1
KH2012:KH.S702.3,CDC42; RAC1; RAC2,Cirobu.g00014964,stage_1
KH2012:KH.S781.11,SCX; TAL2; TCF15,Cirobu.g00015050,stage_1
KH2012:KH.S793.1,RPL13,Cirobu.g00015068,stage_1
KH2012:KH.S876.1,SENP1; SENP6; SENP7,Cirobu.g00015141,stage_1
KH2012:KH.S916.1,ACER1; ACER2; ACER3,Cirobu.g00015185,stage_1
KH2012:KH.S966.3,VIPAS39,Cirobu.g00015246,stage_1
KH2012:KH.C6.168,BCDIN3D; MEPCE,Cirobu.g00007689,stage_1
KH2012:KH.C8.446,HABP4; SERBP1,Cirobu.g00009081,stage_1
KH2012:KH.C3.443,ZFHX2; ZFHX3; ZFHX4,Cirobu.g00005624,stage_1
KH2012:KH.S1446.1,SGK1; SGK3,Cirobu.g00013875,stage_1
KH2012:KH.S762.5,RABGAP1; TBC1D19; TBC1D7,Cirobu.g00015016,stage_1
KH2012:KH.C5.428,CCNA1; CCNJ; CCNJL,Cirobu.g00007311,stage_1
KH2012:KH.C8.725,POLD2,Cirobu.g00009387,stage_1
KH2012:KH.C6.190,SDE2; SF3A3,Cirobu.g00007713,stage_1
KH2012:KH.C7.402,GHITM; TMBIM6,Cirobu.g00008246,stage_1
KH2012:KH.S364.5,KH.S364.5,Cirobu.g00014366,stage_1
KH2012:KH.C14.117,ARPC3,Cirobu.g00003525,stage_1
KH2012:KH.C1.612,GNAI1; GNAI2; GNAI3,Cirobu.g00000867,stage_1
KH2012:KH.C2.106,SEPSECS,Cirobu.g00004179,stage_1
KH2012:KH.C8.912,ATG4A; ATG4C; ATG4D,Cirobu.g00009593,stage_1
KH2012:KH.C12.245,DRG1; DRG2; GTPBP10,Cirobu.g00002782,stage_1
KH2012:KH.C4.19,TRMT12; TRMT5,Cirobu.g00006260,stage_1
KH2012:KH.C8.139,PPIL1; PPIL3; PPWD1,Cirobu.g00008745,stage_1
KH2012:KH.C4.82,PSMD8,Cirobu.g00006938,stage_1
KH2012:KH.C8.750,DOHH,Cirobu.g00009415,stage_1
KH2012:KH.C10.598,ZBTB14; ZNF556; ZSCAN31,Cirobu.g00001831,stage_1
KH2012:KH.C5.459,CLPTM1; CLPTM1L,Cirobu.g00007345,stage_1
KH2012:KH.C1.530,PSMB1; PSMB3,Cirobu.g00000778,stage_1
KH2012:KH.S164.16,OTUD4; YOD1,Cirobu.g00013993,stage_1
KH2012:KH.C1.217,EID3; NSMCE4A,Cirobu.g00000434,stage_1
KH2012:KH.C4.682,MED21,Cirobu.g00006795,stage_1
KH2012:KH.C14.121,CPT1A; CPT1B; CPT1C,Cirobu.g00003530,stage_1
KH2012:KH.L153.63,ZFP2; ZNF112; ZNF345,Cirobu.g00011511,stage_1
KH2012:KH.C1.538,LYPLA1; LYPLA2; LYPLAL1,Cirobu.g00000786,stage_1
KH2012:KH.S545.6,PDIA3; PDIA4; TXNDC15,Cirobu.g00014660,stage_1
KH2012:KH.S256.5,ANAPC7; CDC23; CDC27,Cirobu.g00014279,stage_1
KH2012:KH.C2.104,RDH13; RDH14,Cirobu.g00004157,stage_1
KH2012:KH.C4.633,PAFAH1B2; PAFAH1B3,Cirobu.g00006741,stage_1
KH2012:KH.C2.546,PFDN2,Cirobu.g00004755,stage_1
KH2012:KH.L122.16,SPICE1,Cirobu.g00010895,stage_1
KH2012:KH.L149.1,AIMP1; EEF1B2; YARS,Cirobu.g00011329,stage_1
KH2012:KH.C1.1251,ACBD4; ACBD6; PSMD10,Cirobu.g00000279,stage_1
KH2012:KH.L22.72,MAP3K2; MAP3K3; MAP3K4,Cirobu.g00012190,stage_1
KH2012:KH.L153.50,ECD,Cirobu.g00011499,stage_1
KH2012:KH.C10.240,ALDH1A1; ALDH6A1; ALDH9A1,Cirobu.g00001446,stage_1
KH2012:KH.C6.107,OXA1L,Cirobu.g00007622,stage_1
KH2012:KH.C4.206,BCL3; NFKBIA; NFKBIE,Cirobu.g00006279,stage_1
KH2012:KH.C14.167,DIMT1; TFB1M; TFB2M,Cirobu.g00003579,stage_1
KH2012:KH.L57.1,NOMO1; NOMO2,Cirobu.g00012796,stage_1
KH2012:KH.C5.191,PSMA5; PSMA7; PSMA8,Cirobu.g00007056,stage_1
KH2012:KH.L116.63,CXorf56,Cirobu.g00010795,stage_1
KH2012:KH.C2.779,ACP2; ACP4; ACPP,Cirobu.g00005007,stage_1
KH2012:KH.C12.387,TXLNA; TXLNB; TXLNG,Cirobu.g00002938,stage_1
KH2012:KH.C3.422,KH.C3.422,Cirobu.g00005601,stage_1
KH2012:KH.L152.28,PTPN5; PTPN7; PTPRR,Cirobu.g00011404,stage_1
KH2012:KH.C3.355,MAP3K10; MAP3K20; MAP3K9,Cirobu.g00005528,stage_1
KH2012:KH.L69.1,ENC1; KLHL12; KLHL2,Cirobu.g00012959,stage_1
KH2012:KH.C4.346,KAT5; KAT7; KAT8,Cirobu.g00006430,stage_1
KH2012:KH.C11.236,PARP1; PARP2; PARP3,Cirobu.g00002053,stage_1
KH2012:KH.L41.27,ZFP69; ZNF559-ZNF177; ZNF724,Cirobu.g00012578,stage_1
KH2012:KH.L25.10,AL139300.1; NPHP3; NPHP3-ACAD11,Cirobu.g00012247,stage_1
KH2012:KH.C1.1230,KH.C1.1230,Cirobu.g00000256,stage_1
KH2012:KH.C3.713,TP53; TP63; TP73,Cirobu.g00005915,stage_1
KH2012:KH.C12.457,HMGB1; HMGB3; TFAM,Cirobu.g00003013,stage_1
KH2012:KH.L18.122,DR1; NFYB; POLE3,Cirobu.g00011928,stage_1
KH2012:KH.L153.7,ZNF235; ZNF85,Cirobu.g00011517,stage_1
KH2012:KH.L9.7,KH.L9.7,Cirobu.g00013275,stage_1
KH2012:KH.C10.507,UBE2D4; UBE2L3; UBE2L6,Cirobu.g00001733,stage_1
KH2012:KH.C2.343,ZNF567; ZNF615; ZNF616,Cirobu.g00004533,stage_1
KH2012:KH.L41.13,FZD5; FZD7; SMO,Cirobu.g00012563,stage_1
KH2012:KH.S1032.1,DBP; HLF; TEF,Cirobu.g00013516,stage_1
KH2012:KH.L20.26,FOXO1; FOXO3; FOXO4,Cirobu.g00012078,stage_1
KH2012:KH.C9.92,ADAP1; ADAP2; DEF6,Cirobu.g00010490,stage_1
KH2012:KH.C4.188,ZNF532; ZNF592; ZNF687,Cirobu.g00006258,stage_1
KH2012:KH.L19.8,BCL11A; BCL11B; ZNF296,Cirobu.g00012055,stage_1
KH2012:KH.C2.687,NR1I2; NR1I3; VDR,Cirobu.g00004909,stage_1
KH2012:KH.C1.219,MBNL1; MBNL2; MBNL3,Cirobu.g00000436,stage_1
KH2012:KH.C4.236,EHF; ELF3; ELF5,Cirobu.g00006311,stage_1
KH2012:KH.C9.29,DTX2; DTX3; DTX3L,Cirobu.g00009822,stage_1
KH2012:KH.C3.442,FBXO10; FBXO11; UBR4,Cirobu.g00005623,stage_1
KH2012:KH.C6.277,ZFP64; ZNF221; ZNF92,Cirobu.g00007807,stage_1
KH2012:KH.C10.604,ZNF268; ZNF808; ZNF91,Cirobu.g00001839,stage_1
KH2012:KH.C14.247,ELF1; ELF2; ELF4,Cirobu.g00003667,stage_1
KH2012:KH.L96.11,TLE1; TLE2; TLE3,Cirobu.g00013347,stage_1
KH2012:KH.C5.141,PAPD4; ZCCHC11; ZCCHC6,Cirobu.g00007002,stage_1
KH2012:KH.C2.724,CAPN12; CAPN15,Cirobu.g00004949,stage_1
KH2012:KH.L155.5,SOX13; SOX5; SOX6,Cirobu.g00011626,stage_1
KH2012:KH.S388.4,LHCGR; RXFP2; TSHR,Cirobu.g00014382,stage_1
KH2012:KH.C1.878,KH.C1.878,Cirobu.g00001160,stage_1
KH2012:KH.L87.58,ZNF28; ZNF554; ZNF816,Cirobu.g00013221,stage_1
KH2012:KH.C2.480,NR1H2; NR1H3; NR1H4,Cirobu.g00004682,stage_1
KH2012:KH.C12.105,PRDM1; ZNF235; ZNF683,Cirobu.g00002629,stage_1
KH2012:KH.C3.697,ZNF236; ZNF845; ZNF91,Cirobu.g00005896,stage_1
KH2012:KH.C2.1107,CXXC1; DIDO1; PHF2,Cirobu.g00004232,stage_1
KH2012:KH.C12.675,MAF; MAFA; MAFB,Cirobu.g00003253,stage_1
KH2012:KH.L18.36,WDFY3; ZFYVE21; ZFYVE28,Cirobu.g00011973,stage_1
KH2012:KH.C6.162,FZD10; FZD4; FZD9,Cirobu.g00007683,stage_1
KH2012:KH.C8.49,FOXI1; FOXI2; FOXI3,Cirobu.g00009129,stage_1
KH2012:KH.C8.747,FOXI1; FOXI2; FOXI3,Cirobu.g00009411,stage_1
KH2012:KH.C11.318,ADAMTS1; ADAMTS15; ADAMTS9,Cirobu.g00002141,stage_1
KH2012:KH.C5.544,DHH; IHH; SHH,Cirobu.g00007440,stage_1
KH2012:KH.C3.644,CEBPB; CEBPD; CEBPE,Cirobu.g00005840,stage_1
KH2012:KH.C3.176,CEBPB; CEBPE; CEBPG,Cirobu.g00005334,stage_1
KH2012:KH.S396.6,TRAF3; TRAF5; TRAF6,Cirobu.g00014422,stage_1
KH2012:KH.C3.159,RBM4B; ZC3H7A; ZC3H7B,Cirobu.g00005316,stage_1
KH2012:KH.L153.66,ZNF474,Cirobu.g00011514,stage_1
KH2012:KH.C1.612,GNAI1; GNAI2; GNAI3,Cirobu.g00000867,stage_1
KH2012:KH.C11.488,PAX1; PAX2; PAX9,Cirobu.g00002323,stage_1
KH2012:KH.C14.539,KH.C14.539,Cirobu.g00003983,stage_1
KH2012:KH.C10.563,DDX3X; DDX3Y; DDX41,Cirobu.g00001794,stage_1
KH2012:KH.L154.37,HAUS1,Cirobu.g00011577,stage_1
KH2012:KH.C9.853,TDRD1; TDRD5; TDRD7,Cirobu.g00010441,stage_1
KH2012:KH.C11.298,ZNF235; ZNF454; ZNF836,Cirobu.g00002118,stage_1
KH2012:KH.C2.961,ZNF595; ZNF71; ZNF93,Cirobu.g00005208,stage_1
KH2012:KH.L170.28,STRBP; ZFR; ZFR2,Cirobu.g00011763,stage_1
KH2012:KH.C4.671,SALL1; SALL3; SALL4,Cirobu.g00006783,stage_1
KH2012:KH.C9.769,ZC3H15; ZC3H4; ZC3H6,Cirobu.g00010348,stage_1
KH2012:KH.S766.1,CELSR2; CELSR3; FAT4,Cirobu.g00015021,stage_1
KH2012:KH.C10.593,ZC3H4; ZC3H6; ZC3H8,Cirobu.g00001826,stage_1
KH2012:KH.S642.1,ZDHHC13; ZDHHC17; ZDHHC4,Cirobu.g00014856,stage_1
KH2012:KH.C7.319,ZDHHC16; ZDHHC3; ZDHHC6,Cirobu.g00008154,stage_1
KH2012:KH.C7.172,MKRN1; MKRN2; MKRN3,Cirobu.g00007995,stage_1
KH2012:KH.L41.6,ZNF22; ZNF429; ZNF678,Cirobu.g00012614,stage_1
KH2012:KH.L152.43,ZXDA; ZXDB; ZXDC,Cirobu.g00011421,stage_1
KH2012:KH.L7.6,L3MBTL4; SCMH1; SCML2,Cirobu.g00012996,stage_1
KH2012:KH.C6.124,SIRT1; SIRT2; SIRT3,Cirobu.g00007641,stage_1
KH2012:KH.C10.118,MID1; TRIM67; TRIM9,Cirobu.g00001314,stage_1
KH2012:KH.C3.879,SOCS6; SOCS7,Cirobu.g00006091,stage_1
KH2012:KH.C1.513,DNMT1; KDM2A; KDM2B,Cirobu.g00000760,stage_1
KH2012:KH.C11.20,KH.C11.20,Cirobu.g00002014,stage_1
KH2012:KH.S1446.2,AGAP3; SMAP1; SMAP2,Cirobu.g00013876,stage_1
KH2012:KH.C12.193,ZDHHC1; ZDHHC11; ZDHHC11B,Cirobu.g00002724,stage_1
KH2012:KH.C6.125,KDM2A; KDM2B; PHF8,Cirobu.g00007642,stage_1
KH2012:KH.C13.143,CBFA2T2; SMYD3; ZMYND19,Cirobu.g00003359,stage_1
KH2012:KH.L13.4,AGAP3; GIT1; GIT2,Cirobu.g00011007,stage_1
KH2012:KH.C11.483,NDRG1; NDRG3; NDRG4,Cirobu.g00002318,stage_1
KH2012:KH.C7.699,ANKMY1; MORN4; RSPH1,Cirobu.g00008570,stage_1
KH2012:KH.C7.556,AC023509.3; ATF2; CREB5,Cirobu.g00008414,stage_1
KH2012:KH.L41.64,GTF2H2,Cirobu.g00012619,stage_1
KH2012:KH.L147.41,BTK; ITK; NCK2,Cirobu.g00011322,stage_1
KH2012:KH.L147.33,BRAP; USP44; USP49,Cirobu.g00011313,stage_1
KH2012:KH.C9.228,ZIM3; ZNF226; ZNF317,Cirobu.g00009754,stage_1
KH2012:KH.L170.68,ZNF551; ZNF568; ZNF71,Cirobu.g00011806,stage_1
KH2012:KH.C1.404,EPHA4; EPHB1; EPHB3,Cirobu.g00000642,stage_1
KH2012:KH.C3.827,STAT5A; STAT5B; STAT6,Cirobu.g00006035,stage_1
KH2012:KH.C2.686,ZDHHC16; ZDHHC3; ZDHHC6,Cirobu.g00004908,stage_1
KH2012:KH.L157.3,ZFPM1; ZFX; ZNF711,Cirobu.g00011642,stage_1
KH2012:KH.C2.1104,PCDH11X; PCDH11Y; PCDH9,Cirobu.g00004229,stage_1
KH2012:KH.C7.286,TRIM37; TRIM39,Cirobu.g00008118,stage_1
KH2012:KH.S1577.1,KH.S1577.1,Cirobu.g00013958,stage_1
KH2012:KH.C6.13,CELSR1; CELSR2; CELSR3,Cirobu.g00007647,stage_1
KH2012:KH.C14.349,TRIM24; TRIM28; TRIM33,Cirobu.g00003778,stage_1
KH2012:KH.C6.253,ZNF112; ZNF235; ZNF454,Cirobu.g00007781,stage_1
KH2012:KH.C5.1,MECOM; PRDM16; ZNF678,Cirobu.g00006956,stage_1
KH2012:KH.C8.742,POGZ; ZNF280C; ZNF280D,Cirobu.g00009406,stage_1
KH2012:KH.L147.26,ANKFY1; HGS; ZFYVE28,Cirobu.g00011305,stage_1
KH2012:KH.C2.512,ASAP1; ASAP2; ASAP3,Cirobu.g00004718,stage_1
KH2012:KH.L61.2,ADAMTS15; ADAMTS20; ADAMTS9,Cirobu.g00012876,stage_1
KH2012:KH.C9.68,PAX3; PAX4; PAX6,Cirobu.g00010249,stage_1
KH2012:KH.L142.14,EMX1; EMX2; VAX1,Cirobu.g00011241,stage_1
KH2012:KH.C13.128,AC118549.1; MYSM1,Cirobu.g00003342,stage_1
KH2012:KH.C14.88,FAT1; FAT3,Cirobu.g00004098,stage_1
KH2012:KH.C10.530,CIZ1; RBM20; ZNF638,Cirobu.g00001758,stage_1
KH2012:KH.C14.554,HOXB3; HOXD3; PDX1,Cirobu.g00004000,stage_1
KH2012:KH.C11.543,ALX3; ALX4; PROP1,Cirobu.g00002384,stage_1
KH2012:KH.C11.380,KCMF1; MIB1; MIB2,Cirobu.g00002209,stage_1
KH2012:KH.C5.34,ALX3; ALX4; UNCX,Cirobu.g00007214,stage_1
KH2012:KH.C14.35,AC091959.3; RBM26; RBM27,Cirobu.g00003779,stage_1
KH2012:KH.C6.34,MAP3K10; MAP3K20; MAP3K7,Cirobu.g00007846,stage_1
KH2012:KH.C5.430,KLF15; KLF5; SP3,Cirobu.g00007314,stage_1
KH2012:KH.C7.491,L3MBTL1; L3MBTL3; L3MBTL4,Cirobu.g00008343,stage_1
KH2012:KH.C6.223,E2F2; E2F4; E2F5,Cirobu.g00007749,stage_1
KH2012:KH.L47.9,AC243948.1; GREM1,Cirobu.g00012700,stage_1
KH2012:KH.C2.5,ARAP1; ARAP2; ARAP3,Cirobu.g00004703,stage_1
KH2012:KH.L107.7,LHX1; LHX5,Cirobu.g00010599,stage_1
KH2012:KH.C7.770,DLX1; DLX5; DLX6,Cirobu.g00008649,stage_1
KH2012:KH.C10.22,KHDRBS2; KHDRBS3; QKI,Cirobu.g00001423,stage_1
KH2012:KH.L154.30,BACH2; ZBTB44; ZBTB46,Cirobu.g00011570,stage_1
KH2012:KH.C7.542,LFNG; MFNG; RFNG,Cirobu.g00008399,stage_1
KH2012:KH.C9.359,DHX57; NUPL2,Cirobu.g00009896,stage_1
KH2012:KH.C10.574,ZBTB24; ZNF226; ZNF441,Cirobu.g00001805,stage_1
KH2012:KH.L153.100,KH.L153.100,Cirobu.g00011442,stage_1
KH2012:KH.C14.143,RBM22; RBM44; RBM8A,Cirobu.g00003554,stage_1
KH2012:KH.L154.4,ACTA2; ACTB; ACTG1,Cirobu.g00011580,stage_1
KH2012:KH.C10.459,ADAP1; ADAP2; AGAP2,Cirobu.g00001681,stage_1
KH2012:KH.C14.29,TTC39A; TTC39B; TTC39C,Cirobu.g00003713,stage_1
KH2012:KH.C1.1043,MTF1; ZNF143; ZNF76,Cirobu.g00000051,stage_1
KH2012:KH.C10.522,WBP4,Cirobu.g00001749,stage_1
KH2012:KH.S1027.1,RLF; ZNF292,Cirobu.g00013510,stage_1
KH2012:KH.C10.72,ZNF318; ZNF638,Cirobu.g00001874,stage_1
KH2012:KH.C1.922,BARHL1; BARHL2; TLX1,Cirobu.g00001210,stage_1
KH2012:KH.L71.9,CISH; SOCS2; SOCS3,Cirobu.g00013036,stage_1
KH2012:KH.C1.549,YY1; YY2; ZFP42,Cirobu.g00000798,stage_1
KH2012:KH.C1.677,KDM5A; KDM5C; KDM5D,Cirobu.g00000938,stage_1
KH2012:KH.C2.359,HIVEP1; HIVEP3; ZNF212,Cirobu.g00004548,stage_1
KH2012:KH.C7.183,SLU7,Cirobu.g00008007,stage_1
KH2012:KH.C10.80,NR1I2; NR1I3; VDR,Cirobu.g00001883,stage_1
KH2012:KH.S821.3,ZFP2; ZNF345; ZNF567,Cirobu.g00015101,stage_1
KH2012:KH.C11.29,TADA2A; TADA2B,Cirobu.g00002110,stage_1
KH2012:KH.C12.647,CXXC4; CXXC5; TET3,Cirobu.g00003222,stage_1
KH2012:KH.S696.1,GATA2; GATA3; GATA4,Cirobu.g00014947,stage_1
KH2012:KH.S655.1,KH.S655.1,Cirobu.g00014876,stage_1
KH2012:KH.C4.628,DLG1; FRMPD2; PTPN13,Cirobu.g00006735,stage_1
KH2012:KH.L41.71,KH.L41.71,Cirobu.g00012627,stage_1
KH2012:KH.C9.412,KH.C9.412,Cirobu.g00009956,stage_1
KH2012:KH.C14.141,FYCO1; RUFY2; RUFY4,Cirobu.g00003552,stage_1
KH2012:KH.C1.1016,NR5A1; NR6A1; RXRG,Cirobu.g00000021,stage_1
KH2012:KH.C9.385,SMYD1; SMYD2; SMYD3,Cirobu.g00009925,stage_1
KH2012:KH.C2.658,KH.C2.658,Cirobu.g00004878,stage_1
KH2012:KH.C2.290,ERG; FLI1; GABPA,Cirobu.g00004474,stage_1
KH2012:KH.L114.7,ANKIB1; RNF19A; RNF19B,Cirobu.g00010729,stage_1
KH2012:KH.C5.626,USP15; USP19; USP32,Cirobu.g00007531,stage_1
KH2012:KH.C8.419,HMGB3; HMGXB4; PBRM1,Cirobu.g00009051,stage_1
KH2012:KH.C2.134,ARIH1; ARIH2; RNF14,Cirobu.g00004304,stage_1
KH2012:KH.L37.41,VPS72,Cirobu.g00012405,stage_1
KH2012:KH.C1.145,DKC1; TRUB1,Cirobu.g00000354,stage_1
KH2012:KH.C14.619,SIRT6; SIRT7,Cirobu.g00004069,stage_1
KH2012:KH.S406.22,SIRT2; SIRT3,Cirobu.g00014461,stage_1
KH2012:KH.C14.212,NEIL3; TOP3A; TOP3B,Cirobu.g00003629,stage_1
KH2012:KH.S522.7,LIG1; LIG3; LIG4,Cirobu.g00014633,stage_1
KH2012:KH.C1.555,JAK1; JAK2; JAK3,Cirobu.g00000805,stage_1
KH2012:KH.S1609.1,KH.S1609.1,Cirobu.g00013977,stage_1
KH2012:KH.L97.3,ATF7IP; ZCCHC8,Cirobu.g00013454,stage_1
KH2012:KH.C9.548,DTX2; DTX3; DTX3L,Cirobu.g00010104,stage_1
KH2012:KH.L150.2,FOXA3; FOXD4L1; FOXJ1,Cirobu.g00011375,stage_1
KH2012:KH.L9.34,ZNF706,Cirobu.g00013261,stage_1
KH2012:KH.S391.12,XRCC5; XRCC6,Cirobu.g00014409,stage_1
KH2012:KH.S2388.1,KH.S2388.1,Cirobu.g00014255,stage_1
KH2012:KH.C4.509,ASH1L; NSD1; SETD2,Cirobu.g00006606,stage_1
KH2012:KH.C14.576,ARIH2; RBCK1; RNF19B,Cirobu.g00004023,stage_1
KH2012:KH.C9.260,FZD2; FZD5; FZD8,Cirobu.g00009790,stage_1
KH2012:KH.C5.350,PRDM1; ZNF649; ZSCAN5B,Cirobu.g00007226,stage_1
KH2012:KH.L17.3,BNC1; BNC2; SALL3,Cirobu.g00011737,stage_1
KH2012:KH.C1.1074,FBXW11; FBXW7; TRAF7,Cirobu.g00000085,stage_1
KH2012:KH.C8.847,USP3; USP44; USP49,Cirobu.g00009521,stage_1
KH2012:KH.C8.630,CBLL1; CBLL2,Cirobu.g00009282,stage_1
KH2012:KH.C5.362,CIR1,Cirobu.g00007238,stage_1
KH2012:KH.C5.641,NFIA; NFIB; NFIX,Cirobu.g00007548,stage_1
KH2012:KH.C9.262,TOP2A; TOP2B,Cirobu.g00009792,stage_1
KH2012:KH.C5.365,FGD6; ZFYVE16; ZFYVE9,Cirobu.g00007241,stage_1
KH2012:KH.C1.203,ZNF420; ZNF780B; ZNF808,Cirobu.g00000419,stage_1
KH2012:KH.C5.39,KH.C5.39,Cirobu.g00007268,stage_1
KH2012:KH.C9.576,LFNG; MFNG; RFNG,Cirobu.g00010135,stage_1
KH2012:KH.S389.1,NCL; RBM3; SART3,Cirobu.g00014384,stage_2
KH2012:KH.C1.755,KH.C1.755,Cirobu.g00001025,stage_2
KH2012:KH.L135.2,DDX3X; DDX3Y; DDX4,Cirobu.g00011105,stage_2
KH2012:KH.C8.23,MIDN,Cirobu.g00008846,stage_3
KH2012:KH.C2.724,CAPN12; CAPN15,Cirobu.g00004949,stage_3
KH2012:KH.S852.2,MEX3B; MEX3C; MEX3D,Cirobu.g00015119,stage_3
KH2012:KH.C14.383,KLF5; KLF6; KLF7,Cirobu.g00003813,stage_3
KH2012:KH.C2.658,KH.C2.658,Cirobu.g00004878,stage_3
KH2012:KH.L170.69,ARHGAP15; SYDE1; SYDE2,Cirobu.g00011807,stage_3
KH2012:KH.C2.4,MS4A8,Cirobu.g00004593,stage_3
KH2012:KH.L154.37,HAUS1,Cirobu.g00011577,stage_3
KH2012:KH.C8.370,GTSF1; GTSF1L,Cirobu.g00008997,stage_3
KH2012:KH.C4.628,DLG1; FRMPD2; PTPN13,Cirobu.g00006735,stage_3
KH2012:KH.S364.8,TRPC4AP,Cirobu.g00014369,stage_3
KH2012:KH.C2.254,EPB41L4A; EPB41L4B; EPB41L5,Cirobu.g00004434,stage_3
KH2012:KH.C10.334,SLC50A1,Cirobu.g00001546,stage_3
KH2012:KH.C4.435,AL359736.1; ARHGEF9; SPATA13,Cirobu.g00006526,stage_3
KH2012:KH.L53.4,DNAJB11; DNAJC17; DNAJC5,Cirobu.g00012776,stage_3
KH2012:KH.C1.612,GNAI1; GNAI2; GNAI3,Cirobu.g00000867,stage_3
KH2012:KH.C3.279,PGAP1,Cirobu.g00005446,stage_3
KH2012:KH.C9.412,KH.C9.412,Cirobu.g00009956,stage_3
KH2012:KH.S437.3,ZKSCAN8; ZNF570; ZNF79,Cirobu.g00014528,stage_3
KH2012:KH.C2.994,RNF130; RNF148; RNF149,Cirobu.g00005244,stage_3
KH2012:KH.C14.539,KH.C14.539,Cirobu.g00003983,stage_3
KH2012:KH.C11.383,BRSK1; BRSK2; SIK3,Cirobu.g00002212,stage_3
KH2012:KH.C9.853,TDRD1; TDRD5; TDRD7,Cirobu.g00010441,stage_3
KH2012:KH.L135.2,DDX3X; DDX3Y; DDX4,Cirobu.g00011105,stage_3
KH2012:KH.C12.589,POLA1; POLD1; REV3L,Cirobu.g00003158,stage_3
KH2012:KH.L155.8,C4orf17; TBATA,Cirobu.g00011629,stage_3
KH2012:KH.C2.176,CNTRL; DRC3; LRMDA,Cirobu.g00004350,stage_3
